Account, Address, Confirmation, Time, BlockTime, Amount, Address
"t","a",5320,1516030654,1516030654,8.3e-5,1L8zVjitQnCkweTnMY5ioAvvEnMksWvGxU
"t","a",5320,1516030654,1516030654,7.1e-4,1J1dkaQQj4gS5TScZtGXmSAT4gAHonwC3w


Account, Address, Confirmation, Time, BlockTime, Amount, Address
"t","a",16841,1509649587,1509649587,0.71220518,18NY8DSvhJjv5TaC2dDSXMHNi8f8ma3LPG
"t","a",16841,1509649587,1509649587,7.25e-3,14tXhQcKpAPjYRMfzGJwYn1NNVWd1QdSmL


Account, Address, Confirmation, Time, BlockTime, Amount, Address
"t","a",5326,1516030654,1516030654,8.3e-5,1L8zVjitQnCkweTnMY5ioAvvEnMksWvGxU
"t","a",5326,1516030654,1516030654,7.1e-4,1J1dkaQQj4gS5TScZtGXmSAT4gAHonwC3w


Account, Address, Confirmation, Time, BlockTime, Amount, Address

Account, Address, Confirmation, Time, BlockTime, Amount, Address

Account, Address, Confirmation, Time, BlockTime, Amount, Address

Account, Address, Confirmation, Time, BlockTime, Amount, Address

Account, Address, Confirmation, Time, BlockTime, Amount, Address

Account, Address, Confirmation, Time, BlockTime, Amount, Address

Account, Address, Confirmation, Time, BlockTime, Amount, Address

Account, Address, Confirmation, Time, BlockTime, Amount, Address
"t","a",10,1519057624,1519057624,9.1777e-4,12HFRbyG33pBQRFZGvAmCpnrNt9HD8iboj


Account, Address, Confirmation, Time, BlockTime, Amount, Address
"t","a",347,1518875034,1518875034,9.3e-4,1KteWsAGnuhAQibidv55M5bRhjMQzRuTcB
"t","a",347,1518875034,1518875034,8.3e-6,13dPoksSjgjmimftv2Na4SzntAUtz3PwtN


Account, Address, Confirmation, Time, BlockTime, Amount, Address

Account, Address, Confirmation, Time, BlockTime, Amount, Address
"t","a",348,1518875034,1518875034,9.3e-4,1KteWsAGnuhAQibidv55M5bRhjMQzRuTcB
"t","a",348,1518875034,1518875034,8.3e-6,13dPoksSjgjmimftv2Na4SzntAUtz3PwtN


Account, Address, Confirmation, Time, BlockTime, Amount, Address

Account, Address, Confirmation, Time, BlockTime, Amount, Address
"t","a",348,1518875034,1518875034,9.3e-4,1KteWsAGnuhAQibidv55M5bRhjMQzRuTcB
"t","a",348,1518875034,1518875034,8.3e-6,13dPoksSjgjmimftv2Na4SzntAUtz3PwtN


Account, Address, Confirmation, Time, BlockTime, Amount, Address

Account, Address, Confirmation, Time, BlockTime, Amount, Address

Account, Address, Confirmation, Time, BlockTime, Amount, Address

Account, Address, Confirmation, Time, BlockTime, Amount, Address

Account, Address, Confirmation, Time, BlockTime, Amount, Address

Account, Address, Confirmation, Time, BlockTime, Amount, Address

Account, Address, Confirmation, Time, BlockTime, Amount, Address

Account, Address, Confirmation, Time, BlockTime, Amount, Address

Account, Address, Confirmation, Time, BlockTime, Amount, Address

